customer_id,points,email,phone_number
1001,2996,david.williams175@gmail.com,8012194698
1002,3877,michael.rodriguez629@yahoo.com,2576009131
1003,3677,jessica.garcia302@hotmail.com,3181974856
1004,2516,michael.smith6@outlook.com,6731116130
1005,182,jessica.smith986@yahoo.com,4933121470
1006,4258,laura.rodriguez200@yahoo.com,5171903876
1007,4958,emily.rodriguez973@gmail.com,1149414656
1008,1033,jessica.brown860@outlook.com,4517226924
1009,2838,david.smith213@outlook.com,1556253045
1010,3405,john.smith308@gmail.com,9094005752
1011,2139,jessica.johnson650@outlook.com,4943883619
1012,4915,laura.smith729@hotmail.com,5187575512
1013,1231,laura.williams154@outlook.com,9227705846
1014,3391,sarah.davis827@yahoo.com,7754824103
1015,2362,chris.williams494@outlook.com,3263171269
1016,3326,chris.williams737@yahoo.com,8166031631
1017,2559,emily.davis418@gmail.com,1480506480
1018,4106,amanda.jones983@gmail.com,3840514010
1019,1913,michael.davis659@hotmail.com,8620514293
1020,4257,brian.jones397@yahoo.com,7063372272
1021,2980,michael.johnson677@outlook.com,4987231989
1022,1239,emily.miller54@gmail.com,7916707719
1023,849,brian.davis78@outlook.com,8306987489
1024,4631,david.garcia94@outlook.com,3308114432
1025,4617,john.rodriguez101@gmail.com,2169870879
1026,4981,david.martinez500@yahoo.com,1223324141
1027,1019,sarah.martinez809@hotmail.com,7010852629
1028,3377,brian.garcia877@hotmail.com,7737246981
1029,2311,sarah.davis620@gmail.com,3645726462
1030,3183,emily.williams966@gmail.com,3922734540
1031,4030,laura.johnson443@yahoo.com,4790588312
1032,1609,michael.garcia867@hotmail.com,7154942375
1033,4322,jessica.johnson7@gmail.com,4374770697
1034,4308,brian.davis763@yahoo.com,8533747734
1035,4881,john.martinez997@gmail.com,7670797037
1036,2935,amanda.garcia296@gmail.com,9605136040
1037,1545,john.rodriguez964@yahoo.com,2983082435
1038,4511,brian.miller725@gmail.com,5536214579
1039,1349,emily.smith565@hotmail.com,8040785424
1040,4298,michael.williams261@yahoo.com,4120985342
1041,2019,jessica.rodriguez627@outlook.com,6664724184
1042,829,laura.davis849@outlook.com,7198413216
1043,3107,david.smith404@gmail.com,6383672552
1044,3216,michael.garcia756@outlook.com,4061749664
1045,1584,brian.johnson905@yahoo.com,9356637546
1046,2079,brian.martinez822@outlook.com,1420364284
1047,2278,john.rodriguez788@hotmail.com,4534637121
1048,3190,amanda.martinez928@yahoo.com,7025679291
1049,4808,sarah.jones643@yahoo.com,4237327775
1050,4418,michael.davis977@gmail.com,9461628093
1051,502,sarah.johnson74@yahoo.com,5457704166
1052,1860,john.williams817@hotmail.com,8295913874
1053,2617,john.johnson632@hotmail.com,5307325424
1054,3818,laura.rodriguez579@hotmail.com,8260832933
1055,3048,jessica.brown961@yahoo.com,9687831078
1056,1142,michael.garcia372@gmail.com,5159901229
1057,2201,sarah.garcia874@hotmail.com,9019680422
1058,2868,david.garcia248@outlook.com,4431619875
1059,1771,michael.jones711@yahoo.com,3457102309
1060,3165,emily.williams139@hotmail.com,5505603180
1061,2523,amanda.martinez825@yahoo.com,4861956657
1062,3956,emily.davis779@outlook.com,8735882598
1063,4158,john.rodriguez110@outlook.com,6070066349
1064,3927,chris.smith604@yahoo.com,5254508686
1065,3677,emily.davis643@hotmail.com,2617573833
1066,42,brian.miller813@gmail.com,5801495437
1067,2851,amanda.martinez822@outlook.com,2860530224
1068,3841,laura.smith463@outlook.com,8858436686
1069,3224,sarah.jones7@hotmail.com,2848202277
1070,2864,john.smith373@outlook.com,9634720038
1071,3500,sarah.johnson430@hotmail.com,4436762949
1072,372,michael.smith355@yahoo.com,9112708291
1073,1587,sarah.davis691@gmail.com,7638297237
1074,3539,john.martinez181@hotmail.com,8730236975
1075,1962,jessica.miller620@gmail.com,4924436501
1076,416,chris.johnson569@outlook.com,6724850799
1077,2380,jessica.johnson23@yahoo.com,5320385278
1078,4350,jessica.miller496@gmail.com,3167648086
1079,3854,john.rodriguez928@gmail.com,3672114203
1080,3305,jessica.davis227@gmail.com,7826498222
1081,4507,jessica.rodriguez472@outlook.com,7690747830
1082,507,jessica.brown732@yahoo.com,6906719352
1083,28,chris.smith619@outlook.com,9257153508
1084,1211,amanda.davis617@outlook.com,9424483601
1085,2774,david.brown433@gmail.com,1719335152
1086,2983,john.williams360@hotmail.com,9429031202
1087,1162,emily.garcia812@gmail.com,8232793488
1088,901,john.davis645@yahoo.com,9813526781
1089,512,john.williams896@hotmail.com,8684011596
1090,4499,chris.williams92@yahoo.com,2053331937
1091,3063,laura.rodriguez432@yahoo.com,3519942976
1092,4884,laura.davis849@yahoo.com,3606109387
1093,4358,brian.garcia958@yahoo.com,3670523158
1094,4180,jessica.jones481@outlook.com,2394025747
1095,4408,emily.davis35@hotmail.com,8890554321
1096,4684,emily.garcia539@outlook.com,9756122979
1097,4917,michael.davis719@outlook.com,3274576166
1098,1579,john.johnson721@yahoo.com,7331738586
1099,3610,michael.jones112@hotmail.com,5074850913
1100,2055,michael.garcia220@outlook.com,8660140868
1101,1537,laura.williams929@gmail.com,8089205591
1102,838,amanda.rodriguez962@gmail.com,5266423249
1103,2389,michael.davis303@yahoo.com,4959501565
1104,427,jessica.williams963@outlook.com,9571165048
1105,516,laura.williams386@yahoo.com,8388054496
1106,4337,amanda.brown525@outlook.com,1160057360
1107,3329,amanda.smith271@gmail.com,4573976916
1108,2603,emily.davis859@gmail.com,5971775112
1109,1915,david.rodriguez439@outlook.com,7581859491
1110,4104,amanda.rodriguez480@yahoo.com,7330399841
1111,1468,sarah.rodriguez364@yahoo.com,6989236790
1112,3162,emily.smith363@yahoo.com,3661366761
1113,2724,sarah.jones815@outlook.com,6287932671
1114,3962,michael.jones13@hotmail.com,6987770999
1115,607,emily.davis646@yahoo.com,5049494648
1116,714,emily.williams16@hotmail.com,2961966181
1117,1981,david.martinez700@yahoo.com,1230336498
1118,3373,brian.williams789@outlook.com,6259378972
1119,1988,chris.jones454@hotmail.com,6730978767
1120,1682,amanda.williams433@hotmail.com,1659877584
1121,1234,amanda.johnson417@gmail.com,5365189863
1122,2656,jessica.martinez109@gmail.com,8532455455
1123,2888,chris.jones12@outlook.com,7064891456
1124,3775,sarah.williams989@yahoo.com,6537601496
1125,1143,sarah.martinez551@yahoo.com,4447980908
1126,1095,emily.miller440@yahoo.com,1307322633
1127,2527,john.williams95@yahoo.com,2834273606
1128,2858,michael.garcia150@outlook.com,4677158434
1129,1681,jessica.garcia626@gmail.com,1597081198
1130,888,emily.smith90@hotmail.com,4014771549
1131,3195,laura.jones156@yahoo.com,6238674955
1132,222,amanda.miller608@outlook.com,7803807046
1133,2039,john.miller334@yahoo.com,9436187511
1134,1804,michael.smith284@hotmail.com,9938432768
1135,3637,amanda.jones530@yahoo.com,7609110531
1136,573,john.johnson670@gmail.com,8432023914
1137,2424,brian.williams502@gmail.com,5747649844
1138,3533,amanda.rodriguez460@yahoo.com,6599493668
1139,2854,jessica.garcia124@gmail.com,8426934058
1140,1206,laura.rodriguez747@hotmail.com,1864369710
1141,3753,laura.jones660@outlook.com,9029942188
1142,1789,laura.davis944@gmail.com,9581277463
1143,476,michael.williams888@gmail.com,1511859427
1144,3655,amanda.garcia774@gmail.com,7392943991
1145,1202,jessica.martinez128@hotmail.com,8754175895
1146,3519,emily.davis291@outlook.com,4238771589
1147,2123,laura.williams693@yahoo.com,5292696743
1148,4688,brian.davis152@yahoo.com,5936430196
1149,4850,chris.martinez128@hotmail.com,9051843056
1150,4320,jessica.davis386@hotmail.com,3080462877
1151,4781,michael.brown866@gmail.com,7453613648
1152,2574,sarah.martinez988@yahoo.com,5601460906
1153,2547,chris.brown280@hotmail.com,5766728059
1154,202,emily.smith562@outlook.com,3242275990
1155,2812,chris.miller109@hotmail.com,3201048024
1156,2975,brian.williams49@outlook.com,9462387097
1157,653,brian.brown39@yahoo.com,2867073966
1158,3910,michael.johnson326@gmail.com,1763696187
1159,2686,sarah.miller836@hotmail.com,3233593818
1160,1982,chris.garcia396@gmail.com,6645131743
1161,4350,jessica.miller185@gmail.com,8074765055
1162,2311,amanda.brown699@yahoo.com,1992797593
1163,3586,chris.rodriguez415@gmail.com,6262523174
1164,4647,amanda.davis184@yahoo.com,5247440203
1165,3325,chris.williams228@gmail.com,7528864101
1166,1765,amanda.johnson448@yahoo.com,1061398208
1167,3897,david.williams26@outlook.com,3248339940
1168,963,laura.smith917@outlook.com,5631126118
1169,1975,laura.rodriguez416@yahoo.com,7153622557
1170,889,sarah.johnson460@yahoo.com,3083264364
1171,3514,michael.williams557@yahoo.com,6721959949
1172,4167,laura.miller797@yahoo.com,4912610374
1173,1954,sarah.williams200@gmail.com,8405994247
1174,4400,john.miller286@hotmail.com,3850605036
1175,702,chris.williams392@hotmail.com,5920935588
1176,1975,chris.brown50@outlook.com,1919475921
1177,2122,david.jones491@outlook.com,1501945719
1178,1902,laura.brown567@outlook.com,5568145242
1179,3391,jessica.miller965@gmail.com,4054751752
1180,735,chris.johnson121@outlook.com,7946535072
1181,842,brian.williams98@yahoo.com,4728818785
1182,1373,chris.rodriguez66@yahoo.com,6473970365
1183,3154,laura.brown644@hotmail.com,4398260379
1184,1555,michael.miller820@gmail.com,3858009306
1185,3566,emily.davis674@outlook.com,9006754547
1186,4683,laura.martinez589@yahoo.com,8735245881
1187,4947,brian.williams392@outlook.com,6127569594
1188,2671,laura.johnson784@yahoo.com,4170715590
1189,3714,chris.martinez308@hotmail.com,4888863700
1190,3217,laura.martinez249@yahoo.com,4052787978
1191,4408,jessica.smith903@hotmail.com,4469360415
1192,4383,amanda.jones374@yahoo.com,4542951741
1193,266,jessica.miller319@yahoo.com,4090008520
1194,4185,brian.miller294@outlook.com,5329078576
1195,3350,jessica.rodriguez131@gmail.com,3265194153
1196,4916,jessica.martinez649@hotmail.com,8341752310
1197,362,amanda.garcia252@gmail.com,6768925534
1198,4042,jessica.garcia251@hotmail.com,5562236510
1199,4369,david.garcia616@outlook.com,6961556251
1200,2913,laura.jones995@hotmail.com,2725111291
1201,418,david.garcia412@yahoo.com,3891416319
1202,2401,jessica.garcia247@yahoo.com,3053641752
1203,3991,jessica.rodriguez364@hotmail.com,5278990258
1204,1790,amanda.rodriguez760@outlook.com,1600200574
1205,655,emily.miller947@yahoo.com,9759600633
1206,8,chris.miller353@outlook.com,8350485265
1207,976,chris.miller430@gmail.com,6108117762
1208,4029,david.miller384@gmail.com,9385817569
1209,3684,john.davis47@yahoo.com,2237945174
1210,1526,chris.miller594@gmail.com,6281476954
1211,3919,sarah.brown77@hotmail.com,3598021352
1212,3723,chris.garcia648@yahoo.com,4124515077
1213,860,sarah.davis19@yahoo.com,4408506667
1214,4311,emily.garcia499@yahoo.com,3110127478
1215,1778,sarah.jones770@outlook.com,7855701582
1216,2952,sarah.brown160@gmail.com,4403038242
1217,1970,chris.brown444@outlook.com,3919605796
1218,4077,michael.martinez828@gmail.com,2271751361
1219,3750,david.brown396@yahoo.com,4640198255
1220,4152,david.williams880@yahoo.com,4818388673
1221,1045,jessica.smith435@hotmail.com,8137976733
1222,2422,sarah.smith323@hotmail.com,1568175811
1223,4230,sarah.williams579@outlook.com,2022835790
1224,4648,amanda.williams289@hotmail.com,5892514272
1225,3943,emily.martinez907@yahoo.com,7927406871
1226,1353,amanda.williams705@yahoo.com,1362389147
1227,1248,john.rodriguez442@outlook.com,6658056985
1228,2041,david.williams345@hotmail.com,1798013977
1229,3389,john.davis802@hotmail.com,7376054207
1230,4605,david.martinez556@yahoo.com,6986171898
1231,2859,amanda.martinez653@hotmail.com,1005035047
1232,537,brian.johnson491@yahoo.com,9808474450
1233,4490,michael.johnson879@yahoo.com,3735338601
1234,651,jessica.davis752@gmail.com,1273980702
1235,2453,john.jones911@yahoo.com,8666475941
1236,3647,michael.martinez259@hotmail.com,2480227834
1237,3463,jessica.brown269@gmail.com,2412080029
1238,1415,john.rodriguez9@gmail.com,4974569909
1239,1621,jessica.miller563@yahoo.com,3919701545
1240,2669,brian.brown50@outlook.com,2873646020
1241,1878,david.williams499@outlook.com,7917536699
1242,3776,brian.williams667@outlook.com,4241488413
1243,2169,laura.williams243@hotmail.com,1203190528
1244,4430,john.jones774@outlook.com,5340186715
1245,3161,laura.williams197@outlook.com,9244337063
1246,2730,jessica.rodriguez48@hotmail.com,1776951863
1247,2011,brian.jones737@yahoo.com,2785496823
1248,418,amanda.garcia999@outlook.com,4254886058
1249,545,sarah.smith651@hotmail.com,4356891857
1250,3024,sarah.martinez398@hotmail.com,4308330027
1251,3882,john.johnson753@outlook.com,3210405977
1252,1251,michael.johnson387@gmail.com,1195247200
1253,2288,john.garcia712@gmail.com,9584834893
1254,1775,jessica.brown133@outlook.com,4644716015
1255,4356,laura.davis695@gmail.com,2491098462
1256,4518,david.brown252@gmail.com,5965687437
1257,399,david.miller287@gmail.com,4691574462
1258,3433,chris.martinez142@gmail.com,7919673436
1259,3499,emily.rodriguez65@outlook.com,2038920129
1260,130,john.brown30@hotmail.com,1878507625
1261,3345,laura.jones770@hotmail.com,4720542111
1262,2820,jessica.martinez458@outlook.com,4326614956
1263,1740,amanda.davis22@gmail.com,5172737727
1264,2210,emily.jones838@outlook.com,6984334689
1265,4292,jessica.williams127@outlook.com,7353757629
1266,565,laura.jones925@yahoo.com,4042307052
1267,4022,jessica.davis531@outlook.com,4700751767
1268,2241,michael.miller402@yahoo.com,1003894546
1269,4644,brian.davis339@gmail.com,7269563175
1270,434,david.miller782@yahoo.com,1353091616
1271,3858,jessica.jones328@yahoo.com,4931777553
1272,607,emily.rodriguez894@yahoo.com,2855448074
1273,3531,laura.rodriguez694@outlook.com,8709979233
1274,3198,emily.smith530@outlook.com,4975036800
1275,4645,amanda.williams321@gmail.com,9520960384
1276,418,amanda.jones87@outlook.com,3676354721
1277,1206,michael.rodriguez368@hotmail.com,7631412282
1278,3885,amanda.martinez175@yahoo.com,1382338241
1279,4451,emily.martinez404@hotmail.com,2098561494
1280,1727,sarah.davis393@hotmail.com,2962224079
1281,1145,michael.garcia984@yahoo.com,6489331139
1282,1714,laura.davis346@gmail.com,8634730036
1283,4566,amanda.garcia973@yahoo.com,1053937530
1284,4858,laura.davis301@yahoo.com,2394046344
1285,1869,emily.davis431@hotmail.com,6185916611
1286,1708,amanda.miller677@outlook.com,1658123341
1287,4989,jessica.smith666@hotmail.com,9640874240
1288,1185,laura.miller127@outlook.com,3582721942
1289,111,john.garcia110@outlook.com,1353930998
1290,3433,chris.brown565@yahoo.com,3591943658
1291,2187,chris.davis259@gmail.com,5746433235
1292,853,john.williams479@hotmail.com,8077082013
1293,2793,amanda.smith226@gmail.com,4454377144
1294,923,sarah.smith181@yahoo.com,3763562608
1295,1934,emily.brown432@hotmail.com,8551771655
1296,1404,michael.miller948@hotmail.com,7321110156
1297,1955,amanda.martinez701@hotmail.com,8427181621
1298,742,laura.miller900@hotmail.com,5055911645
1299,635,brian.martinez651@outlook.com,9390289896
1300,869,michael.jones102@gmail.com,3499887324
1301,2656,laura.brown686@yahoo.com,2088941177
1302,4109,chris.smith888@gmail.com,4991248363
1303,53,michael.williams321@yahoo.com,2989091580
1304,1691,jessica.smith52@outlook.com,2007026201
1305,2003,john.davis771@yahoo.com,6776345308
1306,4118,michael.brown40@gmail.com,5450709527
1307,4240,michael.jones607@yahoo.com,7585863311
1308,3411,john.johnson997@gmail.com,3435405813
1309,3205,sarah.garcia102@yahoo.com,9503252553
1310,1443,john.smith513@yahoo.com,3211377158
1311,62,john.martinez26@yahoo.com,4032336732
1312,4439,laura.miller272@outlook.com,7058487457
1313,2821,john.rodriguez920@outlook.com,7625043007
1314,303,amanda.williams314@hotmail.com,7431049694
1315,2173,jessica.davis569@yahoo.com,5237685049
1316,1266,brian.smith815@yahoo.com,1996830714
1317,4589,john.miller390@outlook.com,5234275124
1318,1534,laura.martinez774@yahoo.com,8360385439
1319,705,emily.brown196@hotmail.com,2612641452
1320,659,david.miller266@hotmail.com,7103279062
1321,3905,michael.miller499@gmail.com,6435594980
1322,498,laura.williams965@yahoo.com,7946112646
1323,4798,sarah.rodriguez580@outlook.com,5105289694
1324,2181,chris.jones528@gmail.com,2305086790
1325,1123,emily.jones932@yahoo.com,3326105537
1326,2719,michael.williams795@gmail.com,4954816839
1327,1829,david.brown838@outlook.com,5951665127
1328,143,laura.davis225@gmail.com,4337437050
1329,3522,chris.rodriguez731@gmail.com,6333532025
1330,1297,john.rodriguez73@hotmail.com,3255507126
1331,1287,john.johnson411@gmail.com,3960937377
1332,316,laura.jones983@hotmail.com,4447271138
1333,4982,michael.miller432@gmail.com,5285512795
1334,2835,chris.miller211@gmail.com,7431040379
1335,3889,emily.miller563@hotmail.com,5295142282
1336,511,amanda.smith187@yahoo.com,9472000353
1337,4002,sarah.miller172@hotmail.com,8141827620
1338,4039,chris.rodriguez843@outlook.com,2482071824
1339,1644,emily.davis815@hotmail.com,3479027647
1340,4726,michael.miller477@yahoo.com,6407575496
1341,328,david.johnson365@outlook.com,9702822583
1342,314,amanda.miller436@gmail.com,1900880372
1343,1599,amanda.davis576@gmail.com,7069347969
1344,4651,chris.garcia221@gmail.com,1798834075
1345,3054,david.davis286@gmail.com,2362605389
1346,660,john.davis699@outlook.com,7102537912
1347,4038,john.jones309@outlook.com,7725484297
1348,673,david.davis489@outlook.com,3638106135
1349,2741,chris.williams975@gmail.com,3948971324
1350,1025,jessica.brown323@hotmail.com,5058059553
1351,2449,david.martinez724@gmail.com,6195362433
1352,3142,sarah.johnson833@outlook.com,7458923176
1353,3567,laura.davis856@outlook.com,9992200927
1354,86,brian.williams422@outlook.com,4027157460
1355,1190,emily.williams341@hotmail.com,5549476085
1356,2587,emily.jones160@outlook.com,3421258258
1357,930,emily.smith402@hotmail.com,2151120989
1358,2736,david.smith70@gmail.com,8397639535
1359,4365,emily.johnson251@hotmail.com,7251922914
1360,1306,sarah.miller69@hotmail.com,7354636384
1361,3482,michael.rodriguez791@yahoo.com,7392145417
1362,4467,laura.rodriguez145@yahoo.com,4394535461
1363,3267,brian.miller688@gmail.com,7141412329
1364,1133,david.brown977@yahoo.com,6070003174
1365,1992,amanda.martinez117@gmail.com,7558049834
1366,2011,chris.martinez552@hotmail.com,5895535600
1367,2547,david.brown126@yahoo.com,3603397911
1368,4309,sarah.garcia774@yahoo.com,8628619013
1369,289,emily.garcia493@outlook.com,6932195705
1370,994,michael.johnson696@yahoo.com,4823446212
1371,1887,chris.garcia25@hotmail.com,1226035407
1372,4493,michael.miller605@yahoo.com,2801988182
1373,1528,david.johnson496@yahoo.com,9947988758
1374,1054,amanda.jones422@yahoo.com,7927437333
1375,2266,brian.garcia558@gmail.com,1950360105
1376,1414,sarah.johnson951@yahoo.com,3560750204
1377,299,michael.jones820@gmail.com,2606157341
1378,2536,chris.jones758@hotmail.com,6459373324
1379,3631,michael.williams636@gmail.com,6655567879
1380,3365,david.davis777@gmail.com,3400541612
1381,4137,david.rodriguez673@hotmail.com,8277954255
1382,2795,michael.davis861@hotmail.com,5839536588
1383,1024,emily.brown793@outlook.com,5188214481
1384,2409,amanda.davis194@gmail.com,6902263315
1385,3873,jessica.smith738@hotmail.com,6558947757
1386,4414,john.miller71@gmail.com,7216145808
1387,922,jessica.brown790@outlook.com,4428522368
1388,2042,jessica.johnson355@outlook.com,8945116497
1389,771,michael.brown444@hotmail.com,9080216159
1390,4084,amanda.smith91@outlook.com,6912545485
1391,2085,emily.johnson764@hotmail.com,2111731486
1392,3581,david.jones613@yahoo.com,3916272020
1393,4760,sarah.brown456@outlook.com,5059852362
1394,990,laura.garcia788@hotmail.com,8129773818
1395,3529,emily.garcia811@gmail.com,1161689331
1396,1909,brian.johnson471@gmail.com,1458273127
1397,1286,emily.jones616@yahoo.com,2889761199
1398,95,john.garcia292@gmail.com,6803475200
1399,1299,jessica.williams13@outlook.com,5202060515
1400,3190,chris.martinez946@outlook.com,5623954749
1401,2136,michael.miller460@hotmail.com,7183823067
1402,1516,laura.brown235@outlook.com,5622023197
1403,2357,laura.rodriguez728@gmail.com,8426234792
1404,2607,emily.williams877@outlook.com,7354500704
1405,503,jessica.brown538@outlook.com,7801587647
1406,4076,michael.jones628@hotmail.com,2259557872
1407,3964,emily.garcia992@hotmail.com,5821750604
1408,3051,michael.brown988@outlook.com,2986087965
1409,4322,john.brown348@yahoo.com,3305075746
1410,4830,sarah.jones808@outlook.com,7783080480
1411,2669,sarah.miller680@gmail.com,6522651826
1412,1792,jessica.jones179@gmail.com,4564533526
1413,898,jessica.rodriguez131@hotmail.com,5590605883
1414,4558,michael.jones855@yahoo.com,4915969605
1415,2652,jessica.garcia105@hotmail.com,3431797134
1416,2448,jessica.johnson946@hotmail.com,6337394702
1417,1921,john.martinez555@yahoo.com,1984660954
1418,4116,michael.davis884@hotmail.com,5324134529
1419,1244,emily.smith920@yahoo.com,5796568454
1420,3923,michael.garcia161@gmail.com,3310139086
1421,4233,laura.martinez220@hotmail.com,2624606319
1422,2169,laura.rodriguez555@hotmail.com,8317809451
1423,1773,laura.garcia742@hotmail.com,5405014048
1424,2995,laura.rodriguez946@gmail.com,2812419593
1425,1600,amanda.martinez368@outlook.com,5501537840
1426,3725,emily.smith141@yahoo.com,6143302728
1427,1614,brian.martinez858@gmail.com,7897589514
1428,3622,john.smith33@yahoo.com,1996033142
1429,4165,chris.jones419@outlook.com,6585464480
1430,363,brian.jones531@hotmail.com,9115058879
1431,2243,laura.miller53@gmail.com,3811341627
1432,4002,brian.smith783@yahoo.com,5188527963
1433,3265,amanda.brown745@yahoo.com,9265548914
1434,612,laura.davis880@yahoo.com,6541689296
1435,4347,sarah.brown136@hotmail.com,8277074116
1436,4,david.rodriguez923@outlook.com,1309179149
1437,3995,laura.miller164@yahoo.com,7797872685
1438,2985,amanda.martinez233@yahoo.com,7088425198
1439,1274,sarah.martinez899@yahoo.com,6108003214
1440,927,jessica.davis796@yahoo.com,7937974726
1441,697,chris.martinez172@outlook.com,7201181935
1442,4679,laura.johnson209@yahoo.com,8524930100
1443,4077,jessica.rodriguez439@yahoo.com,6361377171
1444,3315,chris.williams294@yahoo.com,8123305781
1445,2041,chris.jones569@yahoo.com,2899760887
1446,3584,david.smith105@hotmail.com,4685142081
1447,2901,brian.davis461@outlook.com,7381967320
1448,1550,jessica.miller873@gmail.com,8982796065
1449,3773,jessica.martinez30@yahoo.com,3398526093
1450,3998,emily.rodriguez98@gmail.com,6657446131
1451,970,emily.martinez84@outlook.com,6180517390
1452,1410,david.johnson649@hotmail.com,5318742213
1453,4709,chris.jones748@gmail.com,6193055964
1454,795,laura.johnson149@outlook.com,2827418412
1455,3978,emily.smith829@hotmail.com,7714042844
1456,2548,jessica.williams432@yahoo.com,1594563484
1457,1895,laura.miller740@gmail.com,4100040460
1458,2101,laura.williams59@hotmail.com,3493499131
1459,3948,john.martinez972@gmail.com,8320746499
1460,726,chris.smith714@outlook.com,1199766044
1461,2077,chris.brown491@yahoo.com,7059367518
1462,3296,brian.smith586@yahoo.com,8623065148
1463,804,david.miller449@outlook.com,5588220690
1464,856,laura.davis310@yahoo.com,1620147831
1465,1442,john.williams409@yahoo.com,1185397892
1466,3083,sarah.johnson761@hotmail.com,7870243901
1467,4290,sarah.smith941@outlook.com,9583801849
1468,800,laura.brown662@yahoo.com,4429688792
1469,1939,amanda.brown612@gmail.com,1551516218
1470,4779,chris.williams851@yahoo.com,6361215504
1471,802,sarah.davis254@yahoo.com,6619789942
1472,4782,emily.smith798@hotmail.com,7193114138
1473,496,sarah.jones467@hotmail.com,7371356771
1474,4872,sarah.davis393@hotmail.com,1582477841
1475,4094,michael.rodriguez201@hotmail.com,7748596455
1476,1214,sarah.garcia489@outlook.com,8799705145
1477,591,emily.martinez342@yahoo.com,1362434878
1478,4232,david.miller527@yahoo.com,4601303195
1479,864,emily.johnson874@outlook.com,3937916560
1480,2856,brian.williams846@gmail.com,4559416778
1481,1592,chris.davis626@gmail.com,7120551667
1482,3955,chris.garcia55@yahoo.com,7728092800
1483,3821,david.jones936@gmail.com,3096220604
1484,2797,david.davis454@outlook.com,9731920003
1485,2643,michael.williams897@hotmail.com,9664904356
1486,1480,chris.rodriguez867@yahoo.com,8608137626
1487,3049,laura.johnson20@hotmail.com,9368716435
1488,1139,john.rodriguez90@hotmail.com,8263892854
1489,1542,amanda.jones617@outlook.com,4555167249
1490,2722,laura.williams853@outlook.com,5173025295
1491,4273,sarah.johnson96@yahoo.com,4889444229
1492,2493,david.miller434@hotmail.com,2871536703
1493,2152,sarah.brown944@gmail.com,9139949100
1494,1537,sarah.jones809@yahoo.com,6742105523
1495,703,laura.martinez950@yahoo.com,8161002362
1496,2976,jessica.davis420@yahoo.com,2515861016
1497,622,david.johnson179@gmail.com,3369626448
1498,3984,david.miller834@outlook.com,9164870369
1499,2741,brian.martinez403@yahoo.com,2460722573
1500,2551,chris.williams221@gmail.com,3821963482
1501,1556,jessica.jones111@gmail.com,8665370418
1502,4278,michael.brown992@outlook.com,8607009191
1503,1187,david.brown926@yahoo.com,9175854257
1504,1805,amanda.jones850@outlook.com,6574926231
1505,623,chris.rodriguez391@outlook.com,8428110097
1506,3704,jessica.brown98@gmail.com,7219250277
1507,2505,chris.garcia788@outlook.com,1185755462
1508,1791,amanda.johnson657@outlook.com,3268649557
1509,4401,chris.garcia150@gmail.com,9955597991
1510,3853,sarah.williams651@outlook.com,4073459684
1511,3750,amanda.martinez651@outlook.com,5926980058
1512,2363,john.davis735@yahoo.com,9921780716
1513,4013,laura.miller353@gmail.com,4426995338
1514,4967,chris.rodriguez584@gmail.com,3872463496
1515,325,michael.davis735@outlook.com,9720713167
1516,500,emily.johnson968@yahoo.com,5666930473
1517,4457,michael.martinez606@hotmail.com,9788780976
1518,779,michael.davis205@hotmail.com,6467978691
1519,2235,jessica.rodriguez163@yahoo.com,5102350776
1520,2259,jessica.williams115@outlook.com,6874016439
1521,4178,michael.davis870@gmail.com,1503973114
1522,577,laura.davis502@hotmail.com,2833739014
1523,3127,emily.garcia211@yahoo.com,6334153976
1524,1838,david.rodriguez341@gmail.com,4662283087
1525,1001,amanda.brown730@hotmail.com,9341737218
1526,3083,emily.smith826@yahoo.com,1056832546
1527,2504,john.jones308@gmail.com,2590287470
1528,291,john.martinez91@outlook.com,5962186277
1529,1082,chris.johnson448@hotmail.com,2948414538
1530,2718,brian.johnson134@outlook.com,2568112160
1531,1750,david.jones76@outlook.com,6476972744
1532,1775,brian.jones192@hotmail.com,7700067900
1533,1991,brian.brown606@gmail.com,1094214563
1534,2033,laura.miller829@yahoo.com,3805570518
1535,1472,amanda.miller934@outlook.com,2513980261
1536,406,brian.smith240@gmail.com,5146326460
1537,4342,david.martinez503@outlook.com,3742057247
1538,355,sarah.williams254@yahoo.com,6796557799
1539,4673,sarah.williams72@yahoo.com,2645839598
1540,595,laura.williams726@yahoo.com,2738745140
1541,3884,emily.brown459@gmail.com,6584906095
1542,4584,john.davis386@hotmail.com,8404423201
1543,1340,laura.brown957@hotmail.com,2297254190
1544,363,brian.davis400@hotmail.com,8446454690
1545,2207,amanda.johnson759@yahoo.com,2905999328
1546,4296,michael.johnson3@yahoo.com,7291254759
1547,1972,amanda.garcia494@yahoo.com,1535002198
1548,4316,amanda.smith894@yahoo.com,8472144562
1549,1338,jessica.jones739@hotmail.com,1389946013
1550,2237,jessica.smith960@outlook.com,6552077403
1551,2812,jessica.williams193@gmail.com,4074099084
1552,3613,michael.martinez144@hotmail.com,9716831664
1553,1814,john.davis53@outlook.com,8499565669
1554,1542,amanda.jones383@hotmail.com,4088340418
1555,4400,jessica.davis98@hotmail.com,3240822812
1556,2186,amanda.garcia437@outlook.com,6779756067
1557,2708,sarah.martinez961@gmail.com,1083024904
1558,3921,amanda.miller913@gmail.com,7861197422
1559,1329,chris.williams885@yahoo.com,9767307712
1560,994,brian.garcia611@yahoo.com,7944950087
1561,2880,laura.brown637@yahoo.com,5734563263
1562,1619,david.rodriguez325@yahoo.com,9079552879
1563,4466,michael.smith242@hotmail.com,1886669628
1564,1957,sarah.williams268@yahoo.com,9718590593
1565,170,david.smith187@hotmail.com,4841538046
1566,4618,emily.garcia266@gmail.com,4864185185
1567,4507,jessica.williams111@gmail.com,4437627048
1568,138,brian.johnson96@hotmail.com,5453160996
1569,3616,laura.brown343@gmail.com,9320279450
1570,2869,john.rodriguez965@yahoo.com,6321121712
1571,4176,david.garcia140@outlook.com,1634308343
1572,33,jessica.martinez377@gmail.com,8876640676
1573,2656,brian.rodriguez177@gmail.com,6591232939
1574,3787,chris.jones412@yahoo.com,7126302703
1575,274,michael.martinez356@gmail.com,6385143174
1576,4427,sarah.smith65@outlook.com,9419621682
1577,3222,chris.williams598@hotmail.com,1686184908
1578,4730,emily.williams543@outlook.com,7829582104
1579,4477,emily.garcia280@hotmail.com,3855730679
1580,1023,john.jones402@outlook.com,4293700283
1581,512,jessica.garcia288@outlook.com,7893373205
1582,2967,laura.martinez867@outlook.com,4597045831
1583,3782,amanda.martinez775@outlook.com,6889529889
1584,3239,john.smith29@hotmail.com,8069711190
1585,3235,john.brown158@outlook.com,8186528485
1586,4734,michael.williams129@yahoo.com,7525726882
1587,2734,amanda.davis413@outlook.com,2862868724
1588,35,laura.smith992@yahoo.com,4890246876
1589,540,jessica.johnson341@hotmail.com,5433123522
1590,3187,chris.johnson936@hotmail.com,8429773551
1591,1880,jessica.brown704@gmail.com,8959664758
1592,2618,brian.davis936@gmail.com,2307352473
1593,1139,john.davis475@hotmail.com,9609804620
1594,4422,jessica.jones647@hotmail.com,3561124760
1595,252,jessica.johnson144@outlook.com,3440221313
1596,2925,chris.williams97@yahoo.com,8469259541
1597,1717,david.rodriguez859@hotmail.com,7675186398
1598,1161,chris.brown161@hotmail.com,8645361679
1599,4546,john.johnson326@hotmail.com,2608169932
1600,2467,brian.smith275@gmail.com,6584314656
1601,1343,david.miller410@gmail.com,2319330657
1602,3421,emily.martinez679@yahoo.com,4309249803
1603,1803,brian.garcia565@yahoo.com,6534012136
1604,4338,michael.miller325@hotmail.com,4280037277
1605,1367,sarah.jones362@gmail.com,1471318477
1606,2124,brian.smith218@yahoo.com,7333313286
1607,3708,brian.rodriguez875@gmail.com,7930404647
1608,2609,emily.brown361@outlook.com,8785927734
1609,1713,emily.johnson434@gmail.com,3982269904
1610,2872,amanda.garcia442@gmail.com,7997945745
1611,3763,david.williams938@outlook.com,6020124884
1612,4688,amanda.davis416@hotmail.com,8401427747
1613,1322,david.garcia308@outlook.com,7628246607
1614,614,emily.rodriguez391@hotmail.com,3224046405
1615,2194,jessica.martinez427@hotmail.com,2310316785
1616,1423,david.williams479@outlook.com,3555342984
1617,2230,jessica.martinez337@gmail.com,9231216912
1618,4928,sarah.smith666@outlook.com,7158827101
1619,472,jessica.smith712@gmail.com,6337289862
1620,4292,emily.smith283@gmail.com,4720602567
1621,2614,amanda.miller49@outlook.com,4522992990
1622,2699,brian.rodriguez67@yahoo.com,1378225170
1623,2599,jessica.williams946@outlook.com,7584717724
1624,4764,laura.miller906@yahoo.com,9358277416
1625,3881,chris.garcia248@yahoo.com,7120694713
1626,1046,chris.johnson361@outlook.com,6240213907
1627,4126,david.brown411@yahoo.com,5591266664
1628,4978,laura.davis575@yahoo.com,3686450401
1629,3087,brian.davis740@yahoo.com,9730414286
1630,544,jessica.smith518@gmail.com,9127574440
1631,3235,emily.garcia986@outlook.com,4275331376
1632,3357,michael.jones93@hotmail.com,8262849320
1633,310,michael.jones755@gmail.com,6492418947
1634,71,david.martinez518@gmail.com,2485847764
1635,3353,michael.smith256@gmail.com,7466595431
1636,3139,david.rodriguez70@yahoo.com,1967998758
1637,4236,david.garcia371@gmail.com,3632914663
1638,2786,laura.garcia590@yahoo.com,4307549028
1639,4052,chris.smith973@yahoo.com,6169030057
1640,564,brian.brown902@gmail.com,6726121429
1641,914,david.williams872@yahoo.com,1337864100
1642,68,michael.williams798@hotmail.com,6969168035
1643,1854,brian.smith904@outlook.com,9316817990
1644,4726,michael.rodriguez349@yahoo.com,2972412984
1645,276,jessica.johnson913@gmail.com,1593115340
1646,3916,sarah.jones236@gmail.com,4203908129
1647,2467,amanda.rodriguez198@yahoo.com,3726728745
1648,1772,john.jones277@gmail.com,1981443730
1649,2309,brian.garcia553@yahoo.com,5627269615
1650,1833,sarah.jones6@outlook.com,9270718726
1651,3019,emily.jones365@yahoo.com,5233666089
1652,3510,jessica.smith274@yahoo.com,1162189021
1653,4328,laura.johnson493@gmail.com,2743166353
1654,4941,sarah.johnson92@outlook.com,1301027776
1655,3703,emily.johnson881@hotmail.com,7095760258
1656,43,sarah.martinez716@gmail.com,3960444123
1657,4120,amanda.williams662@yahoo.com,8973562162
1658,1994,jessica.smith859@yahoo.com,9624190878
1659,2851,jessica.miller395@yahoo.com,8504969644
1660,4042,brian.jones501@outlook.com,6296788684
1661,3823,sarah.jones24@hotmail.com,8805453323
1662,2693,emily.jones924@yahoo.com,5533590694
1663,614,amanda.davis390@hotmail.com,1986419345
1664,2739,amanda.davis487@yahoo.com,3530008878
1665,3326,chris.garcia475@hotmail.com,4794796685
1666,4491,chris.smith878@gmail.com,1551971438
1667,579,brian.brown519@gmail.com,8399831865
1668,4968,jessica.garcia426@gmail.com,6511234323
1669,4002,john.williams252@hotmail.com,6531861408
1670,3420,sarah.miller360@outlook.com,5651223173
1671,4183,john.johnson179@hotmail.com,9658586520
1672,1354,brian.brown807@hotmail.com,5478470948
1673,3067,chris.rodriguez114@hotmail.com,2243514070
1674,4199,david.miller275@outlook.com,4042325440
1675,966,michael.martinez166@yahoo.com,2829687078
1676,2411,john.martinez421@gmail.com,8421788262
1677,2990,david.garcia702@yahoo.com,7113609920
1678,2005,laura.smith72@gmail.com,9759671503
1679,3724,john.rodriguez42@yahoo.com,1236921122
1680,4556,sarah.garcia897@hotmail.com,3936320525
1681,821,sarah.miller945@yahoo.com,5260656533
1682,969,david.davis951@yahoo.com,5629874763
1683,3039,laura.jones935@gmail.com,4755360796
1684,1096,laura.garcia160@gmail.com,6823149454
1685,1734,laura.rodriguez22@outlook.com,2659753142
1686,3037,laura.garcia112@outlook.com,2691230892
1687,4874,laura.martinez167@outlook.com,6797916533
1688,2696,laura.martinez398@hotmail.com,2036952491
1689,4103,jessica.jones340@hotmail.com,1674435730
1690,3004,sarah.miller613@gmail.com,4671655236
1691,484,michael.smith44@hotmail.com,4054758310
1692,2000,chris.smith745@gmail.com,1306276207
1693,3834,michael.smith356@yahoo.com,8518060087
1694,3900,david.rodriguez665@hotmail.com,1788039977
1695,868,chris.davis753@gmail.com,6049057352
1696,176,david.rodriguez309@yahoo.com,9394004411
1697,1555,jessica.smith162@hotmail.com,1578977577
1698,212,chris.davis349@outlook.com,7690825874
1699,4959,jessica.johnson333@gmail.com,8601101419
1700,4186,michael.smith300@hotmail.com,7854896103
1701,4309,david.smith348@hotmail.com,4199524869
1702,4912,brian.johnson834@outlook.com,6599612334
1703,284,laura.smith501@gmail.com,5461072645
1704,621,laura.johnson536@yahoo.com,5897433196
1705,911,michael.rodriguez430@yahoo.com,7871352934
1706,445,sarah.williams595@yahoo.com,2111204771
1707,842,michael.williams508@outlook.com,8442599730
1708,1188,michael.brown901@gmail.com,6949494947
1709,3586,michael.rodriguez68@hotmail.com,6318612720
1710,2371,emily.miller125@gmail.com,6181650631
1711,4994,sarah.brown166@yahoo.com,6391763155
1712,2536,michael.williams323@hotmail.com,8990865632
1713,1990,laura.garcia242@hotmail.com,8454883818
1714,11,jessica.rodriguez9@yahoo.com,4620225861
1715,4300,chris.rodriguez809@hotmail.com,3427476302
1716,2953,david.smith84@yahoo.com,7331885984
1717,1247,john.smith219@yahoo.com,1678740058
1718,2355,david.rodriguez930@yahoo.com,4843835213
1719,956,michael.garcia603@outlook.com,7713736365
1720,2642,brian.jones900@yahoo.com,7202687507
1721,4170,john.rodriguez292@yahoo.com,4772366392
1722,4219,michael.martinez54@hotmail.com,3621675070
1723,3623,amanda.jones797@hotmail.com,9733260313
1724,2334,michael.davis576@gmail.com,9225478788
1725,4217,sarah.miller49@yahoo.com,9133262047
1726,1425,chris.jones392@gmail.com,9786570830
1727,4404,brian.williams420@yahoo.com,5384374483
1728,2768,amanda.smith608@gmail.com,5830337382
1729,420,emily.rodriguez490@outlook.com,8158856955
1730,4764,david.johnson914@hotmail.com,1088870212
1731,2437,emily.jones330@outlook.com,1779519343
1732,794,jessica.garcia751@yahoo.com,1580690575
1733,3472,john.miller442@outlook.com,5276246134
1734,3725,brian.rodriguez839@hotmail.com,2754100582
1735,315,john.miller105@hotmail.com,8877430162
1736,2829,amanda.brown741@gmail.com,2478352685
1737,2479,jessica.rodriguez612@yahoo.com,6942188090
1738,1546,john.davis353@outlook.com,3449665184
1739,3523,amanda.jones560@yahoo.com,9795215400
1740,3650,amanda.smith760@hotmail.com,1408089451
1741,2953,chris.rodriguez347@yahoo.com,9365875957
1742,1995,sarah.garcia870@hotmail.com,6976769936
1743,1737,david.miller649@outlook.com,7663268864
1744,58,laura.jones592@hotmail.com,8367586988
1745,1347,laura.brown239@yahoo.com,8280463365
1746,4274,jessica.brown804@gmail.com,5221898754
1747,4582,laura.williams551@gmail.com,8524871004
1748,4608,chris.miller151@hotmail.com,1147250166
1749,4786,john.garcia675@yahoo.com,1371062122
1750,28,amanda.garcia81@yahoo.com,1990981135
1751,3920,brian.smith464@hotmail.com,8357202623
1752,2687,david.johnson347@yahoo.com,8519378459
1753,916,john.miller2@gmail.com,1783329805
1754,3106,amanda.jones639@hotmail.com,8379321138
1755,2767,emily.jones167@outlook.com,6659583527
1756,534,john.martinez261@yahoo.com,9936353602
1757,4611,amanda.rodriguez20@gmail.com,6091068061
1758,2368,chris.williams749@outlook.com,2327986597
1759,4490,brian.brown267@gmail.com,4415649913
1760,1314,emily.williams295@yahoo.com,2166859901
1761,2107,amanda.smith404@yahoo.com,6903694110
1762,609,chris.brown697@yahoo.com,7609131926
1763,3408,amanda.jones64@gmail.com,4082340044
1764,3321,laura.jones377@outlook.com,9994934123
1765,4786,chris.rodriguez271@yahoo.com,8362130298
1766,3049,chris.martinez664@yahoo.com,6176435202
1767,4907,michael.garcia124@outlook.com,9292260638
1768,689,david.martinez115@outlook.com,6507829860
1769,1796,michael.jones423@gmail.com,6537811266
1770,3338,jessica.davis795@hotmail.com,4740745412
1771,3702,amanda.williams986@hotmail.com,2472019437
1772,4380,brian.smith566@yahoo.com,6040974297
1773,4774,sarah.brown483@hotmail.com,3532748075
1774,2922,david.davis672@gmail.com,6489712423
1775,1934,david.martinez882@yahoo.com,4531833660
1776,3459,amanda.garcia71@yahoo.com,6336220791
1777,4473,emily.johnson469@outlook.com,2614740218
1778,3212,laura.garcia763@yahoo.com,7685596371
1779,4423,sarah.smith914@yahoo.com,2747532277
1780,4460,sarah.smith861@outlook.com,7448302761
1781,4454,emily.miller976@gmail.com,3622665108
1782,3666,david.williams530@outlook.com,8635799785
1783,1142,david.brown454@yahoo.com,7486127768
1784,2738,sarah.williams811@yahoo.com,8980002043
1785,2802,david.williams21@hotmail.com,6750342388
1786,4540,jessica.brown378@outlook.com,9051204226
1787,2219,michael.johnson884@gmail.com,1343313523
1788,2580,laura.davis587@hotmail.com,9853225882
1789,2715,sarah.smith339@yahoo.com,8636098533
1790,4583,laura.miller996@gmail.com,8552109973
1791,3430,sarah.jones499@outlook.com,9612858477
1792,1118,laura.jones963@hotmail.com,9708979886
1793,1677,emily.garcia481@outlook.com,9121332987
1794,992,sarah.martinez935@hotmail.com,1159254830
1795,3348,sarah.jones84@yahoo.com,6762685153
1796,3952,amanda.rodriguez266@gmail.com,1419066492
1797,2246,emily.smith149@outlook.com,2076792585
1798,3893,chris.martinez175@hotmail.com,9347101674
1799,19,laura.miller755@hotmail.com,2536069347
1800,4294,sarah.brown162@outlook.com,1554712519
1801,2348,emily.miller922@hotmail.com,4054315708
1802,4861,emily.johnson112@gmail.com,2611751894
1803,1695,david.rodriguez403@gmail.com,1287981479
1804,1494,laura.davis815@outlook.com,9403770069
1805,4806,michael.garcia672@yahoo.com,4593468362
1806,4949,amanda.rodriguez203@yahoo.com,7772164845
1807,4532,emily.brown206@gmail.com,1738214962
1808,1850,sarah.williams507@gmail.com,8369111576
1809,308,amanda.miller604@outlook.com,9310455279
1810,181,amanda.williams764@hotmail.com,7335958806
1811,2046,david.williams211@hotmail.com,7005046095
1812,4409,amanda.garcia980@yahoo.com,4369465544
1813,428,laura.martinez492@gmail.com,8416131814
1814,1866,brian.jones268@hotmail.com,9739176172
1815,3635,jessica.brown872@outlook.com,9357841072
1816,203,amanda.williams891@outlook.com,8304034778
1817,3951,jessica.martinez463@hotmail.com,2775846901
1818,3678,emily.smith773@outlook.com,6511722245
1819,3681,sarah.martinez109@outlook.com,1316897036
1820,1944,chris.rodriguez919@outlook.com,9501345879
1821,4127,michael.davis966@hotmail.com,6863041536
1822,1899,emily.martinez453@gmail.com,2361544494
1823,4466,chris.johnson220@hotmail.com,2615396641
1824,1823,amanda.rodriguez730@gmail.com,1418586578
1825,2561,amanda.jones928@yahoo.com,9431204678
1826,1748,jessica.smith994@gmail.com,9576603487
1827,524,michael.johnson460@gmail.com,7697897730
1828,799,sarah.martinez699@hotmail.com,7347068710
1829,2111,brian.garcia959@gmail.com,1815555733
1830,878,laura.brown95@yahoo.com,9406471981
1831,4710,john.smith911@hotmail.com,7421714135
1832,2648,laura.davis880@yahoo.com,1662952215
1833,4293,sarah.smith14@outlook.com,9612350298
1834,4748,jessica.miller70@gmail.com,6897958813
1835,2052,jessica.davis222@hotmail.com,1877479511
1836,2644,jessica.garcia284@yahoo.com,6551020208
1837,4692,amanda.davis494@gmail.com,9755782844
1838,3123,chris.garcia226@outlook.com,4852084275
1839,2945,john.martinez319@outlook.com,6745170197
1840,472,jessica.miller164@hotmail.com,7176738175
1841,2609,chris.smith370@outlook.com,7207496057
1842,4854,amanda.davis275@outlook.com,9783553847
1843,1633,amanda.brown960@gmail.com,7610038514
1844,1589,jessica.smith571@yahoo.com,5651050277
1845,1999,john.garcia968@outlook.com,1440630541
1846,4322,michael.johnson366@outlook.com,1424362989
1847,3389,chris.miller237@yahoo.com,8075637819
1848,4751,emily.smith179@hotmail.com,5944357615
1849,4531,laura.brown554@hotmail.com,2320284185
1850,2380,sarah.davis198@outlook.com,9184473006
1851,2465,laura.jones23@gmail.com,7000557827
1852,2752,amanda.brown76@hotmail.com,9187026764
1853,2659,laura.garcia490@gmail.com,5055603971
1854,1966,emily.jones603@outlook.com,2843283220
1855,3237,david.jones591@outlook.com,9601916794
1856,3135,jessica.martinez388@hotmail.com,1774203955
1857,4914,emily.garcia508@yahoo.com,9164261299
1858,2961,laura.davis965@yahoo.com,8037112731
1859,3335,chris.martinez220@yahoo.com,4468398067
1860,3274,amanda.davis483@hotmail.com,8195297948
1861,72,michael.rodriguez800@outlook.com,3211473561
1862,430,emily.johnson748@outlook.com,9383314059
1863,1553,michael.smith593@yahoo.com,3784660355
1864,497,sarah.martinez415@gmail.com,8314587573
1865,81,emily.smith251@outlook.com,2960422451
1866,542,david.martinez944@yahoo.com,4876369327
1867,3553,emily.garcia118@yahoo.com,6420510137
1868,4890,david.smith693@yahoo.com,9850604843
1869,1784,sarah.miller776@gmail.com,8891438535
1870,1554,amanda.johnson356@outlook.com,4272968745
1871,3412,sarah.miller566@yahoo.com,8346859710
1872,3098,david.brown243@outlook.com,8766295045
1873,4687,laura.rodriguez730@gmail.com,5430068549
1874,637,laura.rodriguez616@hotmail.com,1447398988
1875,277,chris.brown82@outlook.com,5687261225
1876,294,emily.smith28@hotmail.com,4577903165
1877,4728,sarah.johnson243@outlook.com,1937933793
1878,1907,jessica.smith166@outlook.com,2821330115
1879,138,sarah.smith178@outlook.com,6882401920
1880,1393,emily.williams650@yahoo.com,4359245269
1881,4220,david.rodriguez258@outlook.com,6716473132
1882,2608,john.jones235@hotmail.com,9217190691
1883,3810,emily.williams893@outlook.com,7669810263
1884,4423,amanda.miller229@gmail.com,8381155294
1885,494,laura.rodriguez850@hotmail.com,9895618949
1886,536,john.miller747@yahoo.com,7667163883
1887,4857,jessica.rodriguez646@gmail.com,9031955211
1888,1113,amanda.miller364@gmail.com,9811675738
1889,779,amanda.jones274@hotmail.com,8754267606
1890,4084,laura.martinez801@hotmail.com,2632058305
1891,2331,brian.johnson341@hotmail.com,3221953604
1892,2707,brian.smith983@outlook.com,8375339113
1893,2155,john.brown215@outlook.com,7090098746
1894,3125,chris.miller439@outlook.com,3759767212
1895,995,amanda.martinez947@gmail.com,9683295270
1896,4532,jessica.brown649@hotmail.com,8330940967
1897,1517,chris.miller541@hotmail.com,1506598711
1898,3921,emily.garcia868@gmail.com,1842898797
1899,739,emily.jones296@outlook.com,6405038406
1900,4673,chris.jones875@outlook.com,1324744713
1901,673,david.williams439@hotmail.com,2220395828
1902,1155,michael.smith197@outlook.com,9327170122
1903,2220,sarah.martinez361@gmail.com,6368809839
1904,3547,amanda.rodriguez739@outlook.com,6336437120
1905,4505,chris.garcia315@outlook.com,5667041970
1906,3760,emily.brown579@yahoo.com,5632505968
1907,1272,laura.davis432@hotmail.com,1711219279
1908,773,amanda.rodriguez151@yahoo.com,9955945300
1909,1024,david.johnson282@gmail.com,3361097726
1910,2273,laura.johnson899@outlook.com,4270656300
1911,4285,emily.rodriguez186@gmail.com,3574699728
1912,2185,emily.jones25@yahoo.com,3290903153
1913,3617,brian.miller807@hotmail.com,3522547469
1914,571,jessica.rodriguez344@gmail.com,2367380829
1915,693,chris.martinez83@outlook.com,8928555956
1916,3459,amanda.rodriguez676@hotmail.com,1559382019
1917,4734,michael.williams22@outlook.com,3505172384
1918,4100,david.garcia674@gmail.com,1624485661
1919,1348,michael.davis564@outlook.com,5278273288
1920,4590,laura.martinez914@yahoo.com,6463161261
1921,4730,brian.brown398@gmail.com,7682158152
1922,4900,john.brown956@yahoo.com,4040920328
1923,984,brian.smith374@gmail.com,2993984386
1924,4457,brian.williams70@gmail.com,9874178171
1925,945,amanda.miller200@yahoo.com,5225123664
1926,2729,michael.williams291@outlook.com,4340039427
1927,765,brian.williams901@hotmail.com,4630012643
1928,3397,brian.brown828@outlook.com,9427928607
1929,3777,chris.davis564@yahoo.com,7998544304
1930,3912,amanda.brown864@yahoo.com,3803518273
1931,3666,chris.miller178@outlook.com,1083576257
1932,3409,laura.garcia235@yahoo.com,7395250189
1933,1177,brian.garcia647@gmail.com,9013288317
1934,3439,laura.smith465@hotmail.com,2272222162
1935,1272,michael.brown580@outlook.com,8715179236
1936,3802,john.brown395@hotmail.com,2088715080
1937,2595,jessica.miller909@outlook.com,8106505768
1938,576,michael.jones401@hotmail.com,6894032229
1939,1814,emily.rodriguez761@yahoo.com,1762289794
1940,4813,emily.miller758@hotmail.com,2490471327
1941,3953,david.garcia350@hotmail.com,4712505751
1942,1896,amanda.miller453@gmail.com,4081447345
1943,4209,david.rodriguez640@yahoo.com,3113778683
1944,4895,john.smith137@hotmail.com,8538310049
1945,2075,john.johnson924@outlook.com,2571254169
1946,494,brian.brown385@hotmail.com,4420182973
1947,4222,sarah.johnson3@yahoo.com,5555239051
1948,3094,brian.brown732@hotmail.com,6345919657
1949,3384,chris.rodriguez328@yahoo.com,5154235605
1950,4497,brian.smith536@yahoo.com,1760151636
1951,1944,chris.rodriguez201@hotmail.com,3798873931
1952,2071,david.brown361@gmail.com,6837997666
1953,1518,emily.davis80@hotmail.com,3357308027
1954,406,laura.jones841@gmail.com,9754811920
1955,2017,laura.brown494@hotmail.com,6055305370
1956,4774,jessica.martinez214@outlook.com,5937068459
1957,304,sarah.martinez450@gmail.com,3039942936
1958,4399,sarah.davis619@yahoo.com,3886422404
1959,2776,laura.brown657@outlook.com,2461938725
1960,4880,brian.miller788@hotmail.com,5728140105
1961,3016,david.brown591@hotmail.com,1334915409
1962,4675,brian.jones253@yahoo.com,6941677006
1963,1035,chris.jones941@hotmail.com,7553198281
1964,1110,sarah.miller734@outlook.com,4721590780
1965,706,amanda.brown786@yahoo.com,6384170024
1966,1609,david.garcia906@gmail.com,3628169493
1967,4609,john.jones957@hotmail.com,2952872909
1968,2946,sarah.smith398@gmail.com,8676223381
1969,1954,laura.williams365@gmail.com,8725690297
1970,625,amanda.williams7@hotmail.com,2868481835
1971,3394,michael.johnson449@hotmail.com,1784121151
1972,355,brian.johnson359@outlook.com,1599165447
1973,1686,michael.jones210@gmail.com,9281589653
1974,1175,john.brown843@yahoo.com,3055627782
1975,2358,emily.davis623@outlook.com,6277533477
1976,2512,michael.rodriguez329@outlook.com,7823853782
1977,2765,laura.garcia106@outlook.com,3404819911
1978,4395,john.garcia102@hotmail.com,7311010306
1979,3864,jessica.rodriguez945@gmail.com,9733332012
1980,4657,chris.smith92@outlook.com,9230407834
1981,692,david.rodriguez859@yahoo.com,8457779374
1982,1752,john.smith383@hotmail.com,2838086125
1983,3193,laura.rodriguez82@yahoo.com,4206077388
1984,1183,sarah.williams739@yahoo.com,8478668194
1985,3101,jessica.johnson565@gmail.com,8385001963
1986,2624,jessica.miller693@hotmail.com,7793968898
1987,1744,brian.williams723@outlook.com,1945591666
1988,2735,laura.smith493@yahoo.com,5468121983
1989,1566,john.smith133@hotmail.com,9831143317
1990,2910,sarah.rodriguez487@yahoo.com,7960943436
1991,4001,laura.miller908@yahoo.com,6822798246
1992,2526,michael.jones459@yahoo.com,5758333442
1993,2782,jessica.brown38@outlook.com,6644515794
1994,3587,brian.johnson262@yahoo.com,3685678995
1995,3086,brian.martinez447@hotmail.com,3958422866
1996,3179,david.brown946@yahoo.com,4517751563
1997,888,laura.garcia295@outlook.com,7842647993
1998,2731,david.martinez603@hotmail.com,7810090837
1999,4356,brian.williams234@gmail.com,3318108234
2000,3869,michael.jones838@yahoo.com,6591453030
